{
	"info": {
		"_postman_id": "ed6eacb9-f1ca-4925-8499-5adf32114cf6",
		"name": "TaskScheduler_TestCase",
		"schema": "https://schema.getpostman.com/json/collection/v2.1.0/collection.json"
	},
	"item": [
		{
			"name": "getReferences",
			"request": {
				"method": "GET",
				"header": [],
				"url": {
					"raw": "localhost:8080/getReferences",
					"host": [
						"localhost"
					],
					"port": "8080",
					"path": [
						"getReferences"
					]
				},
				"description": "get all valid Systems Development lifecycle phases."
			},
			"response": []
		},
		{
			"name": "projectAdd",
			"request": {
				"method": "POST",
				"header": [],
				"body": {
					"mode": "raw",
					"raw": "{\r\n    \"projectDesc\": \"Project Management App\",\r\n    \"duration\": 150,\r\n    \"projectStartDate\": \"2024-11-11\",\r\n    \"projectEndDate\": \"2025-06-30\"    \r\n}",
					"options": {
						"raw": {
							"language": "json"
						}
					}
				},
				"url": {
					"raw": "localhost:8080/project/add",
					"host": [
						"localhost"
					],
					"port": "8080",
					"path": [
						"project",
						"add"
					]
				},
				"description": "Creates a project initially.\r\nRequired fields:\r\n1. projectDesc\r\n2. projectStartDate\r\n"
			},
			"response": []
		},
		{
			"name": "projectAdd2",
			"request": {
				"method": "POST",
				"header": [],
				"body": {
					"mode": "raw",
					"raw": "{\r\n    \"projectDesc\": \"Policy Booking App\",\r\n    \"duration\": 250,\r\n    \"projectStartDate\": \"2025-01-05\"\r\n}",
					"options": {
						"raw": {
							"language": "json"
						}
					}
				},
				"url": {
					"raw": "localhost:8080/project/add",
					"host": [
						"localhost"
					],
					"port": "8080",
					"path": [
						"project",
						"add"
					]
				},
				"description": "Creates a project initially.\r\nRequired fields:\r\n1. projectDesc\r\n2. projectStartDate"
			},
			"response": []
		},
		{
			"name": "projectAdd3",
			"request": {
				"method": "POST",
				"header": [],
				"body": {
					"mode": "raw",
					"raw": "{\r\n    \"projectDesc\": \"Timesheet App\",\r\n    \"duration\": 300,\r\n    \"projectStartDate\": \"2025-03-01\"\r\n}",
					"options": {
						"raw": {
							"language": "json"
						}
					}
				},
				"url": {
					"raw": "localhost:8080/project/add",
					"host": [
						"localhost"
					],
					"port": "8080",
					"path": [
						"project",
						"add"
					]
				},
				"description": "Creates a project initially.\r\nRequired fields:\r\n1. projectDesc\r\n2. projectStartDate"
			},
			"response": []
		},
		{
			"name": "getAllProjects",
			"request": {
				"method": "GET",
				"header": [],
				"url": {
					"raw": "localhost:8080/getProjects",
					"host": [
						"localhost"
					],
					"port": "8080",
					"path": [
						"getProjects"
					]
				},
				"description": "This request retrieves all the projects and the project IDs from the backend.\r\n"
			},
			"response": []
		},
		{
			"name": "taskAdd",
			"request": {
				"method": "POST",
				"header": [],
				"body": {
					"mode": "raw",
					"raw": "{\r\n\t\"projectID\": 1,\r\n\t\"projectDesc\": \"Project Management App\",\t\r\n\t\"sequenceId\": 1,\r\n\t\"duration\": 5,\r\n\t\"taskDesc\": \"Requirements Gathering\",\r\n\t\"phase\": \"Planning\",\r\n\t\"taskStartDate\": \"2024-11-11\",\r\n\t\"dependency\": \"\"\r\n}",
					"options": {
						"raw": {
							"language": "json"
						}
					}
				},
				"url": {
					"raw": "localhost:8080/task/add",
					"host": [
						"localhost"
					],
					"port": "8080",
					"path": [
						"task",
						"add"
					]
				},
				"description": "Request to add Task after creating the Project.\r\nRequired Fields:\r\n1. Project ID\r\n2. Task Desc\r\n3. Sequence ID\r\n4. Task Start Date\r\n5. Task End Date\r\n\r\n"
			},
			"response": []
		},
		{
			"name": "tasksAdd",
			"request": {
				"method": "POST",
				"header": [],
				"body": {
					"mode": "raw",
					"raw": "[\r\n\t{\r\n\t\"projectID\": 1,\r\n\t\"projectDesc\": \"Project Management App\",\t\r\n\t\"sequenceId\": 4,\r\n\t\"duration\": 3,\r\n\t\"taskDesc\": \"Create Backend scripts\",\r\n\t\"phase\": \"Coding\",\r\n\t\"taskStartDate\": \"2024-11-11\",\r\n\t\"dependency\": \"Design\"\r\n\t},\r\n\t{\r\n\t\"projectID\": 1,\r\n\t\"projectDesc\": \"Project Management App\",\t\r\n\t\"sequenceId\": 5,\r\n\t\"duration\": 5,\r\n\t\"taskDesc\": \"User Acceptance Testing\",\r\n\t\"phase\": \"Testing\",\r\n\t\"taskStartDate\": \"2024-11-11\",\r\n\t\"dependency\": \"Development\"\r\n\t},\r\n\t{\r\n\t\"projectID\": 1,\r\n\t\"projectDesc\": \"Project Management App\",\t\r\n\t\"sequenceId\": 6,\r\n\t\"duration\": 5,\r\n\t\"taskDesc\": \"Prod implementation\",\r\n\t\"phase\": \"Implementation\",\r\n\t\"taskStartDate\": \"2024-11-11\",\r\n\t\"dependency\": \"Testing\"\r\n\t}\r\n]",
					"options": {
						"raw": {
							"language": "json"
						}
					}
				},
				"url": {
					"raw": "localhost:8080/tasks/add",
					"host": [
						"localhost"
					],
					"port": "8080",
					"path": [
						"tasks",
						"add"
					]
				},
				"description": "save an array of tasks to backend DB.\r\n"
			},
			"response": []
		},
		{
			"name": "tasksAdd2",
			"request": {
				"method": "POST",
				"header": [],
				"body": {
					"mode": "raw",
					"raw": "[\r\n\t{\r\n\t\"projectID\": 2,\r\n\t\"projectDesc\": \"Policy Booking App\",\t\r\n\t\"sequenceId\": 5,\r\n\t\"duration\": 8,\r\n\t\"taskDesc\": \"System Testing\",\r\n\t\"phase\": \"Testing\",\r\n\t\"taskStartDate\": \"2025-01-05\",\r\n\t\"dependency\": \"Development\"\r\n\t},\r\n\t{\r\n\t\"projectID\": 3,\r\n\t\"projectDesc\": \"Timesheet App\",\t\r\n\t\"sequenceId\": 1,\r\n\t\"duration\": 5,\r\n\t\"taskDesc\": \"Hiring Resources\",\r\n\t\"phase\": \"Planning\",\r\n\t\"taskStartDate\": \"2025-03-10\",\r\n\t\"dependency\": \"\"\r\n\t},\r\n\t{\r\n\t\"projectID\": 2,\r\n\t\"projectDesc\": \"Policy Booking App\",\t\r\n\t\"sequenceId\": 3,\r\n\t\"duration\": 2,\r\n\t\"taskDesc\": \"Technical Specifications Document\",\r\n\t\"phase\": \"Design\",\r\n\t\"taskStartDate\": \"2025-01-05\",\r\n\t\"dependency\": \"Analysis\"\r\n\t},\r\n\t{\r\n\t\"projectID\": 3,\r\n\t\"projectDesc\": \"Timesheet App\",\t\r\n\t\"sequenceId\": 6,\r\n\t\"duration\": 2,\r\n\t\"taskDesc\": \"Production Deployment\",\r\n\t\"phase\": \"Implementation\",\r\n\t\"taskStartDate\": \"2025-03-10\",\r\n\t\"dependency\": \"Testing\"\r\n\t},\r\n\t{\r\n\t\"projectID\": 2,\r\n\t\"projectDesc\": \"Policy Booking App\",\t\r\n\t\"sequenceId\": 1,\r\n\t\"duration\": 2,\r\n\t\"taskDesc\": \"Create Project Plan and Estimates\",\r\n\t\"phase\": \"Planning\",\r\n\t\"taskStartDate\": \"2025-01-05\",\r\n\t\"dependency\": \"\"\r\n\t}\r\n]",
					"options": {
						"raw": {
							"language": "json"
						}
					}
				},
				"url": {
					"raw": "localhost:8080/tasks/add",
					"host": [
						"localhost"
					],
					"port": "8080",
					"path": [
						"tasks",
						"add"
					]
				},
				"description": "save an array of tasks to backend DB.\r\n"
			},
			"response": []
		},
		{
			"name": "getAllTask project 1",
			"request": {
				"method": "GET",
				"header": [],
				"url": {
					"raw": "localhost:8080/project/1",
					"host": [
						"localhost"
					],
					"port": "8080",
					"path": [
						"project",
						"1"
					]
				},
				"description": "Retrieve all task for a project using project ID 1"
			},
			"response": []
		},
		{
			"name": "updateTaskDetails project 1",
			"request": {
				"method": "PUT",
				"header": [],
				"url": {
					"raw": "localhost:8080/project/updateTaskDetails/1",
					"host": [
						"localhost"
					],
					"port": "8080",
					"path": [
						"project",
						"updateTaskDetails",
						"1"
					]
				},
				"description": "Retrieve all task details for a project using project ID\r\n1. TaskStartDate\r\n2. TaskEndDate\r\n3. ProjectEndDate"
			},
			"response": []
		},
		{
			"name": "getAllTask project 2",
			"request": {
				"method": "GET",
				"header": [],
				"url": {
					"raw": "localhost:8080/project/2",
					"host": [
						"localhost"
					],
					"port": "8080",
					"path": [
						"project",
						"2"
					]
				},
				"description": "Retrieve all task for a project using project ID 2"
			},
			"response": []
		},
		{
			"name": "updateTaskDetails Project 2",
			"request": {
				"method": "PUT",
				"header": [],
				"url": {
					"raw": "localhost:8080/project/updateTaskDetails/1",
					"host": [
						"localhost"
					],
					"port": "8080",
					"path": [
						"project",
						"updateTaskDetails",
						"1"
					]
				},
				"description": "Retrieve all task details for a project using project ID\r\n1. TaskStartDate\r\n2. TaskEndDate\r\n3. ProjectEndDate"
			},
			"response": []
		},
		{
			"name": "getAllTask project 3",
			"request": {
				"method": "GET",
				"header": [],
				"url": {
					"raw": "localhost:8080/project/3",
					"host": [
						"localhost"
					],
					"port": "8080",
					"path": [
						"project",
						"3"
					]
				},
				"description": "Retrieve all task for a project using project ID 3"
			},
			"response": []
		},
		{
			"name": "updateTaskDetails Project 3",
			"request": {
				"method": "PUT",
				"header": [],
				"url": {
					"raw": "localhost:8080/project/updateTaskDetails/3",
					"host": [
						"localhost"
					],
					"port": "8080",
					"path": [
						"project",
						"updateTaskDetails",
						"3"
					]
				},
				"description": "Retrieve all task details for a project using project ID\r\n1. TaskStartDate\r\n2. TaskEndDate\r\n3. ProjectEndDate"
			},
			"response": []
		}
	]
}